{
    "success": true,
    "records": {
        "vrm_consumption_fc": [
            [
                1715122800000,
                0
            ],
            [
                1715126400000,
                1849.2343882073
            ],
            [
                1715130000000,
                2878.0978574485
            ],
            [
                1715133600000,
                4980.7977910988
            ],
            [
                1715137200000,
                990.1166879807
            ],
            [
                1715140800000,
                0
            ],
            [
                1715144400000,
                774.0577442016
            ],
            [
                1715148000000,
                895.0867595391
            ],
            [
                1715151600000,
                561.9562860582
            ],
            [
                1715155200000,
                89.1065151372
            ],
            [
                1715158800000,
                831.5958460585
            ],
            [
                1715162400000,
                575.6459478849
            ],
            [
                1715166000000,
                689.1923867828
            ],
            [
                1715169600000,
                379.8398034005
            ],
            [
                1715173200000,
                396.9518697867
            ],
            [
                1715176800000,
                75.1071149319
            ],
            [
                1715180400000,
                284.2808421857
            ],
            [
                1715184000000,
                285.5624388843
            ],
            [
                1715187600000,
                396.4851864476
            ],
            [
                1715191200000,
                339.3289789961
            ],
            [
                1715194800000,
                744.4442382222
            ],
            [
                1715198400000,
                1037.5350185673
            ],
            [
                1715202000000,
                1017.4348109926
            ],
            [
                1715205600000,
                16.2236847327
            ],
            [
                1715209200000,
                1730.8818907422
            ]
        ],
        "solar_yield_forecast": [
            [
                1715122800000,
                0
            ],
            [
                1715126400000,
                7871.256429524001
            ],
            [
                1715130000000,
                6560.4717770094
            ],
            [
                1715133600000,
                7056.3424473489995
            ],
            [
                1715137200000,
                6312.039316267699
            ],
            [
                1715140800000,
                3172.9536540432
            ],
            [
                1715144400000,
                2877.5185146466
            ],
            [
                1715148000000,
                1257.7902850793
            ],
            [
                1715151600000,
                0
            ],
            [
                1715155200000,
                0
            ],
            [
                1715158800000,
                0
            ],
            [
                1715162400000,
                0
            ],
            [
                1715166000000,
                0
            ],
            [
                1715169600000,
                0
            ],
            [
                1715173200000,
                0
            ],
            [
                1715176800000,
                0
            ],
            [
                1715180400000,
                0
            ],
            [
                1715184000000,
                0
            ],
            [
                1715187600000,
                0
            ],
            [
                1715191200000,
                0
            ],
            [
                1715194800000,
                0
            ],
            [
                1715198400000,
                0
            ],
            [
                1715202000000,
                917.2528412749
            ],
            [
                1715205600000,
                4107.8068757157
            ],
            [
                1715209200000,
                6748.2180208295995
            ]
        ]
    },
    "totals": {
        "vrm_consumption_fc": 21818.9640882874,
        "solar_yield_forecast": 46881.65016173941
    }
}